[{
  "Product": "Poland Springs Water",
  "jumlah_terjual": "240"
}, {
  "Product": "Monster Energy Original",
  "jumlah_terjual": "96"
}, {
  "Product": "Coca Cola - Zero Sugar",
  "jumlah_terjual": "77"
}, {
  "Product": "SunChips Multigrain - Salsa",
  "jumlah_terjual": "61"
}, {
  "Product": "CheezIt - Original",
  "jumlah_terjual": "58"
}, {
  "Product": "Oreo Mini",
  "jumlah_terjual": "52"
}, {
  "Product": "Takis - Hot Chilli Pepper \u0026 Lime",
  "jumlah_terjual": "52"
}, {
  "Product": "KitKat - Crisp Wafers",
  "jumlah_terjual": "50"
}, {
  "Product": "SunChips Multigrain - Original",
  "jumlah_terjual": "48"
}, {
  "Product": "SunChips Multigrain - Harvest Cheddar",
  "jumlah_terjual": "48"
}]