[{
  "product": "Autumns Granola Bar - Cinnamon Almond",
  "rprice": "2.0",
  "bulan": "7",
  "jumlah_penjualan": "5"
}, {
  "product": "Belvita Snack Bites - Cinnamon BS Go Paks",
  "rprice": "3.0",
  "bulan": "7",
  "jumlah_penjualan": "2"
}, {
  "product": "BodyArmor  LYTE - Blueberry Pomegranate",
  "rprice": "2.75",
  "bulan": "7",
  "jumlah_penjualan": "10"
}, {
  "product": "BodyArmor LYTE - Strawberry Lemonade",
  "rprice": "2.75",
  "bulan": "7",
  "jumlah_penjualan": "12"
}, {
  "product": "CheezIt - Cheddar Sour Cream and Onion",
  "rprice": "1.25",
  "bulan": "7",
  "jumlah_penjualan": "7"
}, {
  "product": "CheezIt - Cheddar Sour Cream and Onion",
  "rprice": "1.5",
  "bulan": "7",
  "jumlah_penjualan": "1"
}, {
  "product": "CheezIt - Go Paks",
  "rprice": "4.0",
  "bulan": "7",
  "jumlah_penjualan": "1"
}, {
  "product": "CheezIt - Original",
  "rprice": "1.5",
  "bulan": "7",
  "jumlah_penjualan": "8"
}, {
  "product": "CheezIt - White Cheddar",
  "rprice": "1.5",
  "bulan": "7",
  "jumlah_penjualan": "4"
}, {
  "product": "CheezIt - White Cheddar",
  "rprice": "1.25",
  "bulan": "7",
  "jumlah_penjualan": "3"
}, {
  "product": "Coca Cola - Zero Sugar",
  "rprice": "1.5",
  "bulan": "7",
  "jumlah_penjualan": "52"
}, {
  "product": "Goldfish Baked - Cheddar",
  "rprice": "1.25",
  "bulan": "7",
  "jumlah_penjualan": "24"
}, {
  "product": "Hungry Buddha - Chocolate Chip",
  "rprice": "2.0",
  "bulan": "7",
  "jumlah_penjualan": "2"
}, {
  "product": "Hungry Buddha - Coconut Cocoa",
  "rprice": "2.0",
  "bulan": "7",
  "jumlah_penjualan": "1"
}, {
  "product": "Iberia Coconut Water",
  "rprice": "2.0",
  "bulan": "7",
  "jumlah_penjualan": "12"
}, {
  "product": "Ice Breakers Ice Cubes - PepperMint",
  "rprice": "5.0",
  "bulan": "7",
  "jumlah_penjualan": "2"
}, {
  "product": "Keep Healthy - Chocolate Fudge",
  "rprice": "2.0",
  "bulan": "7",
  "jumlah_penjualan": "2"
}, {
  "product": "Keto Bar - Creamy Peanut Butter Chocolate",
  "rprice": "2.0",
  "bulan": "7",
  "jumlah_penjualan": "8"
}, {
  "product": "Kinder - Bueno - Crispy Creamy Chocolate",
  "rprice": "2.0",
  "bulan": "7",
  "jumlah_penjualan": "14"
}, {
  "product": "KitKat - Crisp Wafers",
  "rprice": "2.0",
  "bulan": "7",
  "jumlah_penjualan": "12"
}, {
  "product": "Lenny \u0026 Larrys - Chocolate Chip",
  "rprice": "2.5",
  "bulan": "7",
  "jumlah_penjualan": "3"
}, {
  "product": "Lenny \u0026 Larrys - Chocolate Chip",
  "rprice": "2.0",
  "bulan": "7",
  "jumlah_penjualan": "2"
}, {
  "product": "Lenny \u0026 Larrys - SnickerDoodle",
  "rprice": "3.0",
  "bulan": "7",
  "jumlah_penjualan": "2"
}, {
  "product": "Mini Chips Ahoy - Go Paks",
  "rprice": "4.0",
  "bulan": "7",
  "jumlah_penjualan": "4"
}, {
  "product": "Miss Vickie\u0027s Potato Chip - Sea Salt \u0026 Vinega",
  "rprice": "1.5",
  "bulan": "7",
  "jumlah_penjualan": "8"
}, {
  "product": "Miss Vickie\u0027s Potato Chip - Sea Salt Original",
  "rprice": "1.5",
  "bulan": "7",
  "jumlah_penjualan": "4"
}, {
  "product": "Oreo Mini - Go Paks",
  "rprice": "4.0",
  "bulan": "7",
  "jumlah_penjualan": "9"
}, {
  "product": "Oreo Mini - Go Paks",
  "rprice": "3.0",
  "bulan": "7",
  "jumlah_penjualan": "1"
}, {
  "product": "Poland Springs Water",
  "rprice": "1.5",
  "bulan": "7",
  "jumlah_penjualan": "23"
}, {
  "product": "Pop Corners - Kettle Corn",
  "rprice": "1.5",
  "bulan": "7",
  "jumlah_penjualan": "1"
}, {
  "product": "Pop Corners - Sweet \u0026 Salty Kettle",
  "rprice": "1.5",
  "bulan": "7",
  "jumlah_penjualan": "8"
}, {
  "product": "Pop Corners - White Cheddar",
  "rprice": "1.5",
  "bulan": "7",
  "jumlah_penjualan": "13"
}, {
  "product": "Popchips Potato - Barbeque",
  "rprice": "1.5",
  "bulan": "7",
  "jumlah_penjualan": "3"
}, {
  "product": "Popchips Potato - Sea Salt",
  "rprice": "1.5",
  "bulan": "7",
  "jumlah_penjualan": "6"
}, {
  "product": "Pringles - Cheddar Cheese",
  "rprice": "3.0",
  "bulan": "7",
  "jumlah_penjualan": "2"
}, {
  "product": "Pringles - Sour Cream \u0026 Onion",
  "rprice": "3.0",
  "bulan": "7",
  "jumlah_penjualan": "4"
}, {
  "product": "Pringles - Sour Cream \u0026 Onion",
  "rprice": "4.0",
  "bulan": "7",
  "jumlah_penjualan": "2"
}, {
  "product": "Robert Irvine\u0027s - Fit Crunch -  Chocolate Pea",
  "rprice": "2.0",
  "bulan": "7",
  "jumlah_penjualan": "7"
}, {
  "product": "S. Pellegrino Sparkling Mineral Water",
  "rprice": "2.0",
  "bulan": "7",
  "jumlah_penjualan": "8"
}, {
  "product": "Seapoint Farms Dry Roasted Edamame - Wasabi",
  "rprice": "2.5",
  "bulan": "7",
  "jumlah_penjualan": "4"
}, {
  "product": "Snapple Diet Tea - Peach Tea",
  "rprice": "2.5",
  "bulan": "7",
  "jumlah_penjualan": "17"
}, {
  "product": "Snyder\u0027s of Hanover Pretzel Pieces - Cheddar",
  "rprice": "2.5",
  "bulan": "7",
  "jumlah_penjualan": "1"
}, {
  "product": "Snyder\u0027s of Hanover Pretzel Pieces - Honey Mu",
  "rprice": "2.5",
  "bulan": "7",
  "jumlah_penjualan": "5"
}, {
  "product": "Snyder\u0027s of Hanover Pretzel Pieces - Hot Buff",
  "rprice": "2.5",
  "bulan": "7",
  "jumlah_penjualan": "5"
}, {
  "product": "Starbucks Doubleshot Energy - Mocha",
  "rprice": "3.5",
  "bulan": "7",
  "jumlah_penjualan": "11"
}, {
  "product": "Starbucks Refresher - Real Coconut Water",
  "rprice": "3.0",
  "bulan": "7",
  "jumlah_penjualan": "8"
}, {
  "product": "SunChips Multigrain - Harvest Cheddar",
  "rprice": "1.5",
  "bulan": "7",
  "jumlah_penjualan": "11"
}, {
  "product": "SunChips Multigrain - Salsa",
  "rprice": "1.5",
  "bulan": "7",
  "jumlah_penjualan": "7"
}, {
  "product": "Teddy Grahams - Go Paks",
  "rprice": "3.0",
  "bulan": "7",
  "jumlah_penjualan": "5"
}, {
  "product": "Teddy Grahams - Go Paks",
  "rprice": "4.0",
  "bulan": "7",
  "jumlah_penjualan": "2"
}, {
  "product": "V8 Vegetable Juice - Original",
  "rprice": "2.0",
  "bulan": "7",
  "jumlah_penjualan": "4"
}, {
  "product": "Wonderful Pistachios - Variety",
  "rprice": "2.0",
  "bulan": "7",
  "jumlah_penjualan": "16"
}, {
  "product": "Zone Perfect - Chocolate Chip Cookie Dough",
  "rprice": "2.0",
  "bulan": "7",
  "jumlah_penjualan": "4"
}, {
  "product": "Bai Antioxidant - Tanzania Lemon Super Tea",
  "rprice": "2.75",
  "bulan": "8",
  "jumlah_penjualan": "10"
}, {
  "product": "BodyArmor  LYTE - Blueberry Pomegranate",
  "rprice": "2.75",
  "bulan": "8",
  "jumlah_penjualan": "7"
}, {
  "product": "BodyArmor LYTE - Strawberry Lemonade",
  "rprice": "2.75",
  "bulan": "8",
  "jumlah_penjualan": "11"
}, {
  "product": "CheezIt - Cheddar Sour Cream and Onion",
  "rprice": "1.5",
  "bulan": "8",
  "jumlah_penjualan": "5"
}, {
  "product": "CheezIt - Double Cheese",
  "rprice": "1.5",
  "bulan": "8",
  "jumlah_penjualan": "1"
}, {
  "product": "CheezIt - Go Paks",
  "rprice": "4.0",
  "bulan": "8",
  "jumlah_penjualan": "4"
}, {
  "product": "CheezIt - Original",
  "rprice": "1.5",
  "bulan": "8",
  "jumlah_penjualan": "14"
}, {
  "product": "CheezIt - White Cheddar",
  "rprice": "1.5",
  "bulan": "8",
  "jumlah_penjualan": "6"
}, {
  "product": "Coca Cola - Zero Sugar",
  "rprice": "2.0",
  "bulan": "8",
  "jumlah_penjualan": "27"
}, {
  "product": "Goldfish Baked - Cheddar",
  "rprice": "1.25",
  "bulan": "8",
  "jumlah_penjualan": "9"
}, {
  "product": "Goldfish Baked - Cheddar",
  "rprice": "1.5",
  "bulan": "8",
  "jumlah_penjualan": "4"
}, {
  "product": "Hungry Buddha - Chocolate Chip",
  "rprice": "2.0",
  "bulan": "8",
  "jumlah_penjualan": "2"
}, {
  "product": "Iberia Coconut Water",
  "rprice": "2.0",
  "bulan": "8",
  "jumlah_penjualan": "9"
}, {
  "product": "Ice Breakers Ice Cubes - PepperMint",
  "rprice": "5.0",
  "bulan": "8",
  "jumlah_penjualan": "2"
}, {
  "product": "Keep Healthy - Chocolate Fudge",
  "rprice": "2.0",
  "bulan": "8",
  "jumlah_penjualan": "1"
}, {
  "product": "Keto Bar - Creamy Peanut Butter Chocolate",
  "rprice": "2.0",
  "bulan": "8",
  "jumlah_penjualan": "8"
}, {
  "product": "KitKat - Crisp Wafers",
  "rprice": "2.0",
  "bulan": "8",
  "jumlah_penjualan": "8"
}, {
  "product": "Lenny \u0026 Larrys - Chocolate Chip",
  "rprice": "2.5",
  "bulan": "8",
  "jumlah_penjualan": "5"
}, {
  "product": "Lenny \u0026 Larrys - SnickerDoodle",
  "rprice": "3.0",
  "bulan": "8",
  "jumlah_penjualan": "6"
}, {
  "product": "Lindens - Chocolate Chippers",
  "rprice": "2.0",
  "bulan": "8",
  "jumlah_penjualan": "6"
}, {
  "product": "Mini Chips Ahoy",
  "rprice": "4.0",
  "bulan": "8",
  "jumlah_penjualan": "1"
}, {
  "product": "Mini Chips Ahoy - Go Paks",
  "rprice": "4.0",
  "bulan": "8",
  "jumlah_penjualan": "3"
}, {
  "product": "Miss Vickie\u0027s Potato Chip - Jalapeno",
  "rprice": "1.5",
  "bulan": "8",
  "jumlah_penjualan": "6"
}, {
  "product": "Miss Vickie\u0027s Potato Chip - Sea Salt \u0026 Vinega",
  "rprice": "1.5",
  "bulan": "8",
  "jumlah_penjualan": "1"
}, {
  "product": "Miss Vickie\u0027s Potato Chip - Sea Salt Original",
  "rprice": "1.5",
  "bulan": "8",
  "jumlah_penjualan": "14"
}, {
  "product": "Oreo Mini - Go Paks",
  "rprice": "4.0",
  "bulan": "8",
  "jumlah_penjualan": "7"
}, {
  "product": "Pop Corners - Sea Salt",
  "rprice": "1.5",
  "bulan": "8",
  "jumlah_penjualan": "5"
}, {
  "product": "Pop Corners - Sweet \u0026 Salty Kettle",
  "rprice": "1.5",
  "bulan": "8",
  "jumlah_penjualan": "1"
}, {
  "product": "Pringles - Cheddar Cheese",
  "rprice": "3.0",
  "bulan": "8",
  "jumlah_penjualan": "5"
}, {
  "product": "Pringles - Original",
  "rprice": "4.0",
  "bulan": "8",
  "jumlah_penjualan": "1"
}, {
  "product": "Pringles - Sour Cream \u0026 Onion",
  "rprice": "3.0",
  "bulan": "8",
  "jumlah_penjualan": "9"
}, {
  "product": "RXBAR - Protein Bar - Chocolate Sea Salt",
  "rprice": "2.0",
  "bulan": "8",
  "jumlah_penjualan": "1"
}, {
  "product": "RXBAR - Protein Bar - Peanut Butter",
  "rprice": "2.0",
  "bulan": "8",
  "jumlah_penjualan": "6"
}, {
  "product": "Robert Irvine\u0027s - Fit Crunch -  Chocolate Pea",
  "rprice": "2.0",
  "bulan": "8",
  "jumlah_penjualan": "4"
}, {
  "product": "S. Pellegrino Sparkling Mineral Water",
  "rprice": "2.0",
  "bulan": "8",
  "jumlah_penjualan": "14"
}, {
  "product": "Seapoint Farms Dry Roasted Edamame - Wasabi",
  "rprice": "2.5",
  "bulan": "8",
  "jumlah_penjualan": "3"
}, {
  "product": "Simply Protein - Peanut Butter Chocolate",
  "rprice": "2.0",
  "bulan": "8",
  "jumlah_penjualan": "5"
}, {
  "product": "Snyder\u0027s of Hanover Pretzel Pieces - Cheddar",
  "rprice": "2.5",
  "bulan": "8",
  "jumlah_penjualan": "7"
}, {
  "product": "Snyder\u0027s of Hanover Pretzel Pieces - Hot Buff",
  "rprice": "2.5",
  "bulan": "8",
  "jumlah_penjualan": "4"
}, {
  "product": "Spindrift - Sparkling Water  Lime",
  "rprice": "1.5",
  "bulan": "8",
  "jumlah_penjualan": "6"
}, {
  "product": "Starbucks Doubleshot Energy - Mocha",
  "rprice": "3.5",
  "bulan": "8",
  "jumlah_penjualan": "21"
}, {
  "product": "Starbucks Refresher - Real Coconut Water",
  "rprice": "3.0",
  "bulan": "8",
  "jumlah_penjualan": "27"
}, {
  "product": "SunChips Multigrain - Harvest Cheddar",
  "rprice": "1.5",
  "bulan": "8",
  "jumlah_penjualan": "14"
}, {
  "product": "SunChips Multigrain - Original",
  "rprice": "1.5",
  "bulan": "8",
  "jumlah_penjualan": "7"
}, {
  "product": "SunChips Multigrain - Salsa",
  "rprice": "1.5",
  "bulan": "8",
  "jumlah_penjualan": "6"
}, {
  "product": "Teddy Grahams - Go Paks",
  "rprice": "4.0",
  "bulan": "8",
  "jumlah_penjualan": "1"
}, {
  "product": "TruBar - Cookie Dough",
  "rprice": "2.5",
  "bulan": "8",
  "jumlah_penjualan": "4"
}, {
  "product": "TruBar - Daydreaming about Donuts",
  "rprice": "2.5",
  "bulan": "8",
  "jumlah_penjualan": "2"
}, {
  "product": "V8 Vegetable Juice - Original",
  "rprice": "2.0",
  "bulan": "8",
  "jumlah_penjualan": "3"
}, {
  "product": "Wonderful Pistachios - Variety",
  "rprice": "2.0",
  "bulan": "8",
  "jumlah_penjualan": "15"
}, {
  "product": "Bai Antioxidant - Tanzania Lemon Super Tea",
  "rprice": "2.75",
  "bulan": "9",
  "jumlah_penjualan": "9"
}, {
  "product": "BodyArmor  LYTE - Blueberry Pomegranate",
  "rprice": "2.75",
  "bulan": "9",
  "jumlah_penjualan": "5"
}, {
  "product": "BodyArmor LYTE  - Peach Mango",
  "rprice": "2.75",
  "bulan": "9",
  "jumlah_penjualan": "3"
}, {
  "product": "BodyArmor LYTE - Strawberry Lemonade",
  "rprice": "2.75",
  "bulan": "9",
  "jumlah_penjualan": "4"
}, {
  "product": "CheezIt - Cheddar Sour Cream and Onion",
  "rprice": "1.5",
  "bulan": "9",
  "jumlah_penjualan": "1"
}, {
  "product": "CheezIt - Double Cheese",
  "rprice": "1.5",
  "bulan": "9",
  "jumlah_penjualan": "1"
}, {
  "product": "CheezIt - Go Paks",
  "rprice": "4.0",
  "bulan": "9",
  "jumlah_penjualan": "2"
}, {
  "product": "CheezIt - Original",
  "rprice": "1.5",
  "bulan": "9",
  "jumlah_penjualan": "6"
}, {
  "product": "CheezIt - White Cheddar",
  "rprice": "1.5",
  "bulan": "9",
  "jumlah_penjualan": "10"
}, {
  "product": "Coca Cola - Zero Sugar",
  "rprice": "2.0",
  "bulan": "9",
  "jumlah_penjualan": "32"
}, {
  "product": "Goldfish Baked - Cheddar",
  "rprice": "1.25",
  "bulan": "9",
  "jumlah_penjualan": "9"
}, {
  "product": "Goldfish Baked - Cheddar",
  "rprice": "1.5",
  "bulan": "9",
  "jumlah_penjualan": "1"
}, {
  "product": "Hungry Buddha - Chocolate Chip",
  "rprice": "2.0",
  "bulan": "9",
  "jumlah_penjualan": "1"
}, {
  "product": "Iberia Coconut Water",
  "rprice": "2.0",
  "bulan": "9",
  "jumlah_penjualan": "2"
}, {
  "product": "Ice Breakers Ice Cubes - PepperMint",
  "rprice": "5.0",
  "bulan": "9",
  "jumlah_penjualan": "4"
}, {
  "product": "Keto Bar - Creamy Peanut Butter Chocolate",
  "rprice": "2.0",
  "bulan": "9",
  "jumlah_penjualan": "10"
}, {
  "product": "Kinder - Bueno - Crispy Creamy Chocolate",
  "rprice": "2.0",
  "bulan": "9",
  "jumlah_penjualan": "9"
}, {
  "product": "Lenny \u0026 Larrys - Chocolate Chip",
  "rprice": "2.5",
  "bulan": "9",
  "jumlah_penjualan": "5"
}, {
  "product": "Lenny \u0026 Larrys - SnickerDoodle",
  "rprice": "3.0",
  "bulan": "9",
  "jumlah_penjualan": "9"
}, {
  "product": "Lindens - Chocolate Chippers",
  "rprice": "2.0",
  "bulan": "9",
  "jumlah_penjualan": "8"
}, {
  "product": "Mini Chips Ahoy",
  "rprice": "4.0",
  "bulan": "9",
  "jumlah_penjualan": "2"
}, {
  "product": "Mini Chips Ahoy - Go Paks",
  "rprice": "4.0",
  "bulan": "9",
  "jumlah_penjualan": "3"
}, {
  "product": "Miss Vickie\u0027s Potato Chip - Sea Salt Original",
  "rprice": "1.5",
  "bulan": "9",
  "jumlah_penjualan": "10"
}, {
  "product": "Miss Vickie\u0027s Potato Chip - Smokehouse BBQ",
  "rprice": "1.5",
  "bulan": "9",
  "jumlah_penjualan": "1"
}, {
  "product": "Oreo Mini - Go Paks",
  "rprice": "4.0",
  "bulan": "9",
  "jumlah_penjualan": "4"
}, {
  "product": "Poland Springs Water",
  "rprice": "1.5",
  "bulan": "9",
  "jumlah_penjualan": "10"
}, {
  "product": "Pringles - Cheddar Cheese",
  "rprice": "3.0",
  "bulan": "9",
  "jumlah_penjualan": "7"
}, {
  "product": "Pringles - Cheddar Cheese",
  "rprice": "4.0",
  "bulan": "9",
  "jumlah_penjualan": "2"
}, {
  "product": "Pringles - Original",
  "rprice": "4.0",
  "bulan": "9",
  "jumlah_penjualan": "6"
}, {
  "product": "Pringles - Original",
  "rprice": "3.0",
  "bulan": "9",
  "jumlah_penjualan": "1"
}, {
  "product": "Pringles - Sour Cream \u0026 Onion",
  "rprice": "3.0",
  "bulan": "9",
  "jumlah_penjualan": "4"
}, {
  "product": "Pringles - Sour Cream \u0026 Onion",
  "rprice": "4.0",
  "bulan": "9",
  "jumlah_penjualan": "4"
}, {
  "product": "RXBAR - Protein Bar - Chocolate Sea Salt",
  "rprice": "2.0",
  "bulan": "9",
  "jumlah_penjualan": "7"
}, {
  "product": "RXBAR - Protein Bar - Peanut Butter",
  "rprice": "2.0",
  "bulan": "9",
  "jumlah_penjualan": "1"
}, {
  "product": "Robert Irvine\u0027s - Fit Crunch -  Chocolate Pea",
  "rprice": "2.0",
  "bulan": "9",
  "jumlah_penjualan": "3"
}, {
  "product": "Seapoint Farms Dry Roasted Edamame - Wasabi",
  "rprice": "2.5",
  "bulan": "9",
  "jumlah_penjualan": "4"
}, {
  "product": "Simply Protein - Dark Chocolate Sea Salt",
  "rprice": "2.0",
  "bulan": "9",
  "jumlah_penjualan": "6"
}, {
  "product": "Simply Protein - Lemon Coconut",
  "rprice": "2.0",
  "bulan": "9",
  "jumlah_penjualan": "1"
}, {
  "product": "Simply Protein - Peanut Butter Chocolate",
  "rprice": "2.0",
  "bulan": "9",
  "jumlah_penjualan": "3"
}, {
  "product": "Snyder\u0027s of Hanover Pretzel Pieces - Cheddar",
  "rprice": "2.5",
  "bulan": "9",
  "jumlah_penjualan": "4"
}, {
  "product": "Snyder\u0027s of Hanover Pretzel Pieces - Honey Mu",
  "rprice": "2.5",
  "bulan": "9",
  "jumlah_penjualan": "2"
}, {
  "product": "Snyder\u0027s of Hanover Pretzel Pieces - Hot Buff",
  "rprice": "2.5",
  "bulan": "9",
  "jumlah_penjualan": "4"
}, {
  "product": "Spindrift - Sparkling Water  Grapefruit",
  "rprice": "1.5",
  "bulan": "9",
  "jumlah_penjualan": "5"
}, {
  "product": "Spindrift - Sparkling Water  Lime",
  "rprice": "1.5",
  "bulan": "9",
  "jumlah_penjualan": "10"
}, {
  "product": "Starbucks Doubleshot Energy - Mocha",
  "rprice": "3.5",
  "bulan": "9",
  "jumlah_penjualan": "19"
}, {
  "product": "Starbucks Refresher - Real Coconut Water",
  "rprice": "3.0",
  "bulan": "9",
  "jumlah_penjualan": "11"
}, {
  "product": "SunChips Multigrain - French Onion",
  "rprice": "1.5",
  "bulan": "9",
  "jumlah_penjualan": "7"
}, {
  "product": "SunChips Multigrain - Harvest Cheddar",
  "rprice": "1.5",
  "bulan": "9",
  "jumlah_penjualan": "14"
}, {
  "product": "SunChips Multigrain - Original",
  "rprice": "1.5",
  "bulan": "9",
  "jumlah_penjualan": "8"
}, {
  "product": "SunChips Multigrain - Salsa",
  "rprice": "1.5",
  "bulan": "9",
  "jumlah_penjualan": "17"
}, {
  "product": "Teddy Grahams - Go Paks",
  "rprice": "4.0",
  "bulan": "9",
  "jumlah_penjualan": "7"
}, {
  "product": "TruBar - Cookie Dough",
  "rprice": "2.5",
  "bulan": "9",
  "jumlah_penjualan": "3"
}, {
  "product": "TruBar - Daydreaming about Donuts",
  "rprice": "2.5",
  "bulan": "9",
  "jumlah_penjualan": "5"
}, {
  "product": "Wonderful Pistachios - Variety",
  "rprice": "2.0",
  "bulan": "9",
  "jumlah_penjualan": "5"
}, {
  "product": "Bai Antioxidant - Tanzania Lemon Super Tea",
  "rprice": "2.75",
  "bulan": "10",
  "jumlah_penjualan": "9"
}, {
  "product": "BodyArmor  LYTE - Blueberry Pomegranate",
  "rprice": "2.75",
  "bulan": "10",
  "jumlah_penjualan": "2"
}, {
  "product": "BodyArmor LYTE  - Peach Mango",
  "rprice": "2.75",
  "bulan": "10",
  "jumlah_penjualan": "5"
}, {
  "product": "CheezIt - Cheddar Sour Cream and Onion",
  "rprice": "1.5",
  "bulan": "10",
  "jumlah_penjualan": "8"
}, {
  "product": "CheezIt - Double Cheese",
  "rprice": "1.5",
  "bulan": "10",
  "jumlah_penjualan": "4"
}, {
  "product": "CheezIt - Go Paks",
  "rprice": "4.0",
  "bulan": "10",
  "jumlah_penjualan": "9"
}, {
  "product": "CheezIt - Original",
  "rprice": "1.5",
  "bulan": "10",
  "jumlah_penjualan": "7"
}, {
  "product": "CheezIt - White Cheddar",
  "rprice": "1.5",
  "bulan": "10",
  "jumlah_penjualan": "10"
}, {
  "product": "Coca Cola - Zero Sugar",
  "rprice": "2.0",
  "bulan": "10",
  "jumlah_penjualan": "31"
}, {
  "product": "Goldfish Baked - Cheddar",
  "rprice": "1.25",
  "bulan": "10",
  "jumlah_penjualan": "17"
}, {
  "product": "Iberia Coconut Water",
  "rprice": "2.0",
  "bulan": "10",
  "jumlah_penjualan": "3"
}, {
  "product": "Ice Breakers Ice Cubes - PepperMint",
  "rprice": "5.0",
  "bulan": "10",
  "jumlah_penjualan": "7"
}, {
  "product": "Keto Bar - Creamy Peanut Butter Chocolate",
  "rprice": "2.0",
  "bulan": "10",
  "jumlah_penjualan": "1"
}, {
  "product": "Kinder - Bueno - Crispy Creamy Chocolate",
  "rprice": "2.0",
  "bulan": "10",
  "jumlah_penjualan": "18"
}, {
  "product": "Lenny \u0026 Larrys - Chocolate Chip",
  "rprice": "2.5",
  "bulan": "10",
  "jumlah_penjualan": "3"
}, {
  "product": "Mini Chips Ahoy",
  "rprice": "4.0",
  "bulan": "10",
  "jumlah_penjualan": "7"
}, {
  "product": "Miss Vickie\u0027s Potato Chip - Jalapeno",
  "rprice": "1.5",
  "bulan": "10",
  "jumlah_penjualan": "1"
}, {
  "product": "Miss Vickie\u0027s Potato Chip - Sea Salt Original",
  "rprice": "1.5",
  "bulan": "10",
  "jumlah_penjualan": "16"
}, {
  "product": "Miss Vickie\u0027s Potato Chip - Smokehouse BBQ",
  "rprice": "1.5",
  "bulan": "10",
  "jumlah_penjualan": "6"
}, {
  "product": "Orchard Bar - Variety",
  "rprice": "2.0",
  "bulan": "10",
  "jumlah_penjualan": "2"
}, {
  "product": "Oreo Mini",
  "rprice": "1.5",
  "bulan": "10",
  "jumlah_penjualan": "1"
}, {
  "product": "Oreo Mini - Go Paks",
  "rprice": "4.0",
  "bulan": "10",
  "jumlah_penjualan": "7"
}, {
  "product": "Poland Springs Water",
  "rprice": "1.5",
  "bulan": "10",
  "jumlah_penjualan": "26"
}, {
  "product": "Pringles - Cheddar Cheese",
  "rprice": "3.0",
  "bulan": "10",
  "jumlah_penjualan": "15"
}, {
  "product": "Pringles - Original",
  "rprice": "3.0",
  "bulan": "10",
  "jumlah_penjualan": "10"
}, {
  "product": "Pringles - Sour Cream \u0026 Onion",
  "rprice": "3.0",
  "bulan": "10",
  "jumlah_penjualan": "4"
}, {
  "product": "Pringles - Sour Cream \u0026 Onion",
  "rprice": "4.0",
  "bulan": "10",
  "jumlah_penjualan": "1"
}, {
  "product": "RXBAR - Protein Bar - Chocolate Sea Salt",
  "rprice": "2.0",
  "bulan": "10",
  "jumlah_penjualan": "3"
}, {
  "product": "RXBAR - Protein Bar - Peanut Butter",
  "rprice": "2.0",
  "bulan": "10",
  "jumlah_penjualan": "6"
}, {
  "product": "Robert Irvine\u0027s - Fit Crunch -  Chocolate Pea",
  "rprice": "2.0",
  "bulan": "10",
  "jumlah_penjualan": "4"
}, {
  "product": "Simply Protein - Dark Chocolate Sea Salt",
  "rprice": "2.0",
  "bulan": "10",
  "jumlah_penjualan": "4"
}, {
  "product": "Simply Protein - Lemon Coconut",
  "rprice": "2.0",
  "bulan": "10",
  "jumlah_penjualan": "4"
}, {
  "product": "Simply Protein - Peanut Butter Chocolate",
  "rprice": "2.0",
  "bulan": "10",
  "jumlah_penjualan": "4"
}, {
  "product": "Snyder\u0027s of Hanover Pretzel - Cheddar Cheese",
  "rprice": "2.5",
  "bulan": "10",
  "jumlah_penjualan": "2"
}, {
  "product": "Snyder\u0027s of Hanover Pretzel Pieces - Cheddar",
  "rprice": "2.5",
  "bulan": "10",
  "jumlah_penjualan": "5"
}, {
  "product": "Snyder\u0027s of Hanover Pretzel Pieces - Honey Mu",
  "rprice": "2.5",
  "bulan": "10",
  "jumlah_penjualan": "1"
}, {
  "product": "Spindrift - Sparkling Water  Grapefruit",
  "rprice": "1.5",
  "bulan": "10",
  "jumlah_penjualan": "5"
}, {
  "product": "Spindrift - Sparkling Water  Lime",
  "rprice": "1.5",
  "bulan": "10",
  "jumlah_penjualan": "3"
}, {
  "product": "Starbucks Doubleshot Energy - Mocha",
  "rprice": "3.5",
  "bulan": "10",
  "jumlah_penjualan": "20"
}, {
  "product": "Starbucks Refresher - Real Coconut Water",
  "rprice": "3.0",
  "bulan": "10",
  "jumlah_penjualan": "18"
}, {
  "product": "SunChips Multigrain - French Onion",
  "rprice": "1.5",
  "bulan": "10",
  "jumlah_penjualan": "1"
}, {
  "product": "SunChips Multigrain - Harvest Cheddar",
  "rprice": "1.5",
  "bulan": "10",
  "jumlah_penjualan": "15"
}, {
  "product": "SunChips Multigrain - Original",
  "rprice": "1.5",
  "bulan": "10",
  "jumlah_penjualan": "13"
}, {
  "product": "SunChips Multigrain - Salsa",
  "rprice": "1.5",
  "bulan": "10",
  "jumlah_penjualan": "11"
}, {
  "product": "Wonderful Pistachios - Variety",
  "rprice": "2.0",
  "bulan": "10",
  "jumlah_penjualan": "7"
}, {
  "product": "Bai Antioxidant - Tanzania Lemon Super Tea",
  "rprice": "2.75",
  "bulan": "11",
  "jumlah_penjualan": "14"
}, {
  "product": "BodyArmor  LYTE - Blueberry Pomegranate",
  "rprice": "2.75",
  "bulan": "11",
  "jumlah_penjualan": "1"
}, {
  "product": "BodyArmor LYTE  - Peach Mango",
  "rprice": "2.75",
  "bulan": "11",
  "jumlah_penjualan": "2"
}, {
  "product": "CheezIt - Double Cheese",
  "rprice": "1.5",
  "bulan": "11",
  "jumlah_penjualan": "8"
}, {
  "product": "CheezIt - Go Paks",
  "rprice": "4.0",
  "bulan": "11",
  "jumlah_penjualan": "4"
}, {
  "product": "CheezIt - Original",
  "rprice": "1.5",
  "bulan": "11",
  "jumlah_penjualan": "9"
}, {
  "product": "CheezIt - Original",
  "rprice": "4.0",
  "bulan": "11",
  "jumlah_penjualan": "1"
}, {
  "product": "CheezIt - White Cheddar",
  "rprice": "1.5",
  "bulan": "11",
  "jumlah_penjualan": "6"
}, {
  "product": "Coca Cola - Zero Sugar",
  "rprice": "2.0",
  "bulan": "11",
  "jumlah_penjualan": "19"
}, {
  "product": "Goldfish Baked - Cheddar",
  "rprice": "1.25",
  "bulan": "11",
  "jumlah_penjualan": "7"
}, {
  "product": "Iberia Coconut Water",
  "rprice": "2.0",
  "bulan": "11",
  "jumlah_penjualan": "1"
}, {
  "product": "Ice Breakers Ice Cubes - PepperMint",
  "rprice": "5.0",
  "bulan": "11",
  "jumlah_penjualan": "2"
}, {
  "product": "Keto Bar - Creamy Peanut Butter Chocolate",
  "rprice": "2.0",
  "bulan": "11",
  "jumlah_penjualan": "2"
}, {
  "product": "Lenny \u0026 Larrys - Chocolate Chip",
  "rprice": "2.5",
  "bulan": "11",
  "jumlah_penjualan": "6"
}, {
  "product": "Lenny \u0026 Larrys - SnickerDoodle",
  "rprice": "3.0",
  "bulan": "11",
  "jumlah_penjualan": "6"
}, {
  "product": "Mini Chips Ahoy",
  "rprice": "4.0",
  "bulan": "11",
  "jumlah_penjualan": "7"
}, {
  "product": "Miss Vickie\u0027s Potato Chip - Lime \u0026 Cracked Pe",
  "rprice": "1.5",
  "bulan": "11",
  "jumlah_penjualan": "6"
}, {
  "product": "Miss Vickie\u0027s Potato Chip - Sea Salt \u0026 Vinega",
  "rprice": "1.5",
  "bulan": "11",
  "jumlah_penjualan": "3"
}, {
  "product": "Nature\u0027s Bakery Fig Bar - Blueberry",
  "rprice": "1.5",
  "bulan": "11",
  "jumlah_penjualan": "2"
}, {
  "product": "Nutter Butter Bites",
  "rprice": "1.5",
  "bulan": "11",
  "jumlah_penjualan": "2"
}, {
  "product": "Orchard Bar - Variety",
  "rprice": "2.0",
  "bulan": "11",
  "jumlah_penjualan": "4"
}, {
  "product": "Oreo Mini",
  "rprice": "1.5",
  "bulan": "11",
  "jumlah_penjualan": "6"
}, {
  "product": "Oreo Mini",
  "rprice": "4.0",
  "bulan": "11",
  "jumlah_penjualan": "4"
}, {
  "product": "Oreo Mini - Go Paks",
  "rprice": "4.0",
  "bulan": "11",
  "jumlah_penjualan": "11"
}, {
  "product": "Poland Springs Water",
  "rprice": "1.5",
  "bulan": "11",
  "jumlah_penjualan": "26"
}, {
  "product": "Pringles - Cheddar Cheese",
  "rprice": "3.0",
  "bulan": "11",
  "jumlah_penjualan": "6"
}, {
  "product": "Pringles - Original",
  "rprice": "3.0",
  "bulan": "11",
  "jumlah_penjualan": "6"
}, {
  "product": "Pringles - Sour Cream \u0026 Onion",
  "rprice": "3.0",
  "bulan": "11",
  "jumlah_penjualan": "4"
}, {
  "product": "RXBAR - Protein Bar - Chocolate Sea Salt",
  "rprice": "2.0",
  "bulan": "11",
  "jumlah_penjualan": "7"
}, {
  "product": "Ritz Bits Cheese",
  "rprice": "1.5",
  "bulan": "11",
  "jumlah_penjualan": "2"
}, {
  "product": "Robert Irvine\u0027s - Fit Crunch -  Chocolate Pea",
  "rprice": "2.0",
  "bulan": "11",
  "jumlah_penjualan": "5"
}, {
  "product": "Simply Protein - Dark Chocolate Sea Salt",
  "rprice": "2.0",
  "bulan": "11",
  "jumlah_penjualan": "6"
}, {
  "product": "Simply Protein - Lemon Coconut",
  "rprice": "2.0",
  "bulan": "11",
  "jumlah_penjualan": "3"
}, {
  "product": "Simply Protein - Peanut Butter Chocolate",
  "rprice": "2.0",
  "bulan": "11",
  "jumlah_penjualan": "4"
}, {
  "product": "Snyder\u0027s of Hanover Pretzel - Cheddar Cheese",
  "rprice": "2.5",
  "bulan": "11",
  "jumlah_penjualan": "4"
}, {
  "product": "Snyder\u0027s of Hanover Pretzel Pieces - Honey Mu",
  "rprice": "2.5",
  "bulan": "11",
  "jumlah_penjualan": "1"
}, {
  "product": "Spindrift - Sparkling Water  Lime",
  "rprice": "1.5",
  "bulan": "11",
  "jumlah_penjualan": "11"
}, {
  "product": "Starbucks Doubleshot Energy - Mocha",
  "rprice": "4.0",
  "bulan": "11",
  "jumlah_penjualan": "11"
}, {
  "product": "Starbucks Refresher - Real Coconut Water",
  "rprice": "3.0",
  "bulan": "11",
  "jumlah_penjualan": "12"
}, {
  "product": "SunChips Multigrain - French Onion",
  "rprice": "1.5",
  "bulan": "11",
  "jumlah_penjualan": "5"
}, {
  "product": "SunChips Multigrain - Harvest Cheddar",
  "rprice": "1.5",
  "bulan": "11",
  "jumlah_penjualan": "12"
}, {
  "product": "SunChips Multigrain - Original",
  "rprice": "1.5",
  "bulan": "11",
  "jumlah_penjualan": "14"
}, {
  "product": "SunChips Multigrain - Salsa",
  "rprice": "1.5",
  "bulan": "11",
  "jumlah_penjualan": "11"
}, {
  "product": "Wonderful Pistachios - Variety",
  "rprice": "2.0",
  "bulan": "11",
  "jumlah_penjualan": "9"
}, {
  "product": "Bai Antioxidant - Tanzania Lemon Super Tea",
  "rprice": "2.75",
  "bulan": "12",
  "jumlah_penjualan": "6"
}, {
  "product": "BodyArmor  LYTE - Blueberry Pomegranate",
  "rprice": "2.75",
  "bulan": "12",
  "jumlah_penjualan": "1"
}, {
  "product": "BodyArmor LYTE  - Peach Mango",
  "rprice": "2.75",
  "bulan": "12",
  "jumlah_penjualan": "4"
}, {
  "product": "CheezIt - Cheddar Sour Cream and Onion",
  "rprice": "1.5",
  "bulan": "12",
  "jumlah_penjualan": "7"
}, {
  "product": "CheezIt - Double Cheese",
  "rprice": "1.5",
  "bulan": "12",
  "jumlah_penjualan": "1"
}, {
  "product": "CheezIt - Go Paks",
  "rprice": "4.0",
  "bulan": "12",
  "jumlah_penjualan": "1"
}, {
  "product": "CheezIt - Original",
  "rprice": "4.0",
  "bulan": "12",
  "jumlah_penjualan": "12"
}, {
  "product": "CheezIt - Original",
  "rprice": "1.5",
  "bulan": "12",
  "jumlah_penjualan": "6"
}, {
  "product": "CheezIt - White Cheddar",
  "rprice": "1.5",
  "bulan": "12",
  "jumlah_penjualan": "4"
}, {
  "product": "Coca Cola - Zero Sugar",
  "rprice": "2.0",
  "bulan": "12",
  "jumlah_penjualan": "34"
}, {
  "product": "Iberia Coconut Water",
  "rprice": "2.0",
  "bulan": "12",
  "jumlah_penjualan": "7"
}, {
  "product": "Ice Breakers Ice Cubes - PepperMint",
  "rprice": "5.0",
  "bulan": "12",
  "jumlah_penjualan": "1"
}, {
  "product": "Keto Bar - Creamy Peanut Butter Chocolate",
  "rprice": "2.0",
  "bulan": "12",
  "jumlah_penjualan": "10"
}, {
  "product": "Lenny \u0026 Larrys - Chocolate Chip",
  "rprice": "2.5",
  "bulan": "12",
  "jumlah_penjualan": "8"
}, {
  "product": "Lenny \u0026 Larrys - SnickerDoodle",
  "rprice": "3.0",
  "bulan": "12",
  "jumlah_penjualan": "3"
}, {
  "product": "Mini Chips Ahoy",
  "rprice": "4.0",
  "bulan": "12",
  "jumlah_penjualan": "9"
}, {
  "product": "Miss Vickie\u0027s Potato Chip - Jalapeno",
  "rprice": "1.5",
  "bulan": "12",
  "jumlah_penjualan": "5"
}, {
  "product": "Miss Vickie\u0027s Potato Chip - Lime \u0026 Cracked Pe",
  "rprice": "1.5",
  "bulan": "12",
  "jumlah_penjualan": "13"
}, {
  "product": "Miss Vickie\u0027s Potato Chip - Sea Salt \u0026 Vinega",
  "rprice": "1.5",
  "bulan": "12",
  "jumlah_penjualan": "8"
}, {
  "product": "Miss Vickie\u0027s Potato Chip - Sea Salt Original",
  "rprice": "1.5",
  "bulan": "12",
  "jumlah_penjualan": "3"
}, {
  "product": "Miss Vickie\u0027s Potato Chip - Smokehouse BBQ",
  "rprice": "1.5",
  "bulan": "12",
  "jumlah_penjualan": "4"
}, {
  "product": "Nature\u0027s Bakery Fig Bar - Blueberry",
  "rprice": "1.5",
  "bulan": "12",
  "jumlah_penjualan": "3"
}, {
  "product": "Nature\u0027s Bakery Fig Bar - Raspberry",
  "rprice": "1.5",
  "bulan": "12",
  "jumlah_penjualan": "1"
}, {
  "product": "Nutter Butter Bites",
  "rprice": "1.5",
  "bulan": "12",
  "jumlah_penjualan": "7"
}, {
  "product": "Orchard Bar - Cranberry Orange \u0026 Walnut",
  "rprice": "2.0",
  "bulan": "12",
  "jumlah_penjualan": "1"
}, {
  "product": "Orchard Bar - Pineapple Coconut \u0026 Macadamia",
  "rprice": "2.0",
  "bulan": "12",
  "jumlah_penjualan": "1"
}, {
  "product": "Orchard Bar - Variety",
  "rprice": "2.0",
  "bulan": "12",
  "jumlah_penjualan": "1"
}, {
  "product": "Oreo Mini",
  "rprice": "1.5",
  "bulan": "12",
  "jumlah_penjualan": "3"
}, {
  "product": "Oreo Mini - Go Paks",
  "rprice": "4.0",
  "bulan": "12",
  "jumlah_penjualan": "6"
}, {
  "product": "Poland Springs Water",
  "rprice": "1.5",
  "bulan": "12",
  "jumlah_penjualan": "28"
}, {
  "product": "Pop Corners - Kettle Corn",
  "rprice": "1.5",
  "bulan": "12",
  "jumlah_penjualan": "1"
}, {
  "product": "Pop Corners - White Cheddar",
  "rprice": "1.5",
  "bulan": "12",
  "jumlah_penjualan": "1"
}, {
  "product": "Ritz Bits Cheese",
  "rprice": "1.5",
  "bulan": "12",
  "jumlah_penjualan": "5"
}, {
  "product": "Robert Irvine\u0027s - Fit Crunch -  Chocolate Pea",
  "rprice": "2.0",
  "bulan": "12",
  "jumlah_penjualan": "5"
}, {
  "product": "Simply Protein - Lemon Coconut",
  "rprice": "2.0",
  "bulan": "12",
  "jumlah_penjualan": "2"
}, {
  "product": "Simply Protein - Peanut Butter Chocolate",
  "rprice": "2.0",
  "bulan": "12",
  "jumlah_penjualan": "6"
}, {
  "product": "Snyder\u0027s of Hanover Pretzel - Cheddar Cheese",
  "rprice": "2.5",
  "bulan": "12",
  "jumlah_penjualan": "6"
}, {
  "product": "Snyder\u0027s of Hanover Pretzel Pieces - Honey Mu",
  "rprice": "2.5",
  "bulan": "12",
  "jumlah_penjualan": "4"
}, {
  "product": "Snyder\u0027s of Hanover Pretzel Pieces - Hot Buff",
  "rprice": "2.5",
  "bulan": "12",
  "jumlah_penjualan": "3"
}, {
  "product": "Spindrift - Sparkling Water  Lime",
  "rprice": "1.5",
  "bulan": "12",
  "jumlah_penjualan": "12"
}, {
  "product": "Starbucks Doubleshot Energy - Mocha",
  "rprice": "3.75",
  "bulan": "12",
  "jumlah_penjualan": "8"
}, {
  "product": "Starbucks Refresher - Real Coconut Water",
  "rprice": "3.0",
  "bulan": "12",
  "jumlah_penjualan": "12"
}, {
  "product": "SunChips Multigrain - Harvest Cheddar",
  "rprice": "1.5",
  "bulan": "12",
  "jumlah_penjualan": "8"
}, {
  "product": "SunChips Multigrain - Original",
  "rprice": "1.5",
  "bulan": "12",
  "jumlah_penjualan": "11"
}, {
  "product": "SunChips Multigrain - Salsa",
  "rprice": "1.5",
  "bulan": "12",
  "jumlah_penjualan": "5"
}, {
  "product": "Wonderful Pistachios - Variety",
  "rprice": "2.0",
  "bulan": "12",
  "jumlah_penjualan": "7"
}]